episode_date,Weekday,audio_url,mysteries,title,publish_at
3/7/2026,Saturday,https://archive.org/download/sthelena-daily-rosary/SaturdayRosary.mp3,Joyful,2026-03-07 Rosary - Saturday - The Joyful Mysteries (Daily Catholic Prayer),2026-03-07T01:00:00-05:00
3/8/2026,Sunday,https://archive.org/download/sthelena-daily-rosary/SundayRosary.mp3,Glorious,2026-03-08 Rosary - Sunday - The Glorious Mysteries (Daily Catholic Prayer),2026-03-08T01:00:00-05:00
3/9/2026,Monday,https://archive.org/download/sthelena-daily-rosary/MondayRosary.mp3,Joyful,2026-03-09 Rosary - Monday - The Joyful Mysteries (Daily Catholic Prayer),2026-03-09T01:00:00-05:00
3/10/2026,Tuesday,https://archive.org/download/sthelena-daily-rosary/TuesdayRosary.mp3,Sorrowful,2026-03-10 Rosary - Tuesday - The Sorrowful Mysteries (Daily Catholic Prayer),2026-03-10T01:00:00-05:00
3/11/2026,Wednesday,https://archive.org/download/sthelena-daily-rosary/WednesdayRosary.mp3,Glorious,2026-03-11 Rosary - Wednesday - The Glorious Mysteries (Daily Catholic Prayer),2026-03-11T01:00:00-05:00
3/12/2026,Thursday,https://archive.org/download/sthelena-daily-rosary/ThursdayRosary.mp3,Luminous,2026-03-12 Rosary - Thursday - The Luminous Mysteries (Daily Catholic Prayer),2026-03-12T01:00:00-05:00
3/13/2026,Friday,https://archive.org/download/sthelena-daily-rosary/FridayRosary.mp3,Sorrowful,2026-03-13 Rosary - Friday - The Sorrowful Mysteries (Daily Catholic Prayer),2026-03-13T01:00:00-05:00
3/14/2026,Saturday,https://archive.org/download/sthelena-daily-rosary/SaturdayRosary.mp3,Joyful,2026-03-14 Rosary - Saturday - The Joyful Mysteries (Daily Catholic Prayer),2026-03-14T01:00:00-05:00
3/15/2026,Sunday,https://archive.org/download/sthelena-daily-rosary/SundayRosary.mp3,Glorious,2026-03-15 Rosary - Sunday - The Glorious Mysteries (Daily Catholic Prayer),2026-03-15T01:00:00-05:00
3/16/2026,Monday,https://archive.org/download/sthelena-daily-rosary/MondayRosary.mp3,Joyful,2026-03-16 Rosary - Monday - The Joyful Mysteries (Daily Catholic Prayer),2026-03-16T01:00:00-05:00
3/17/2026,Tuesday,https://archive.org/download/sthelena-daily-rosary/TuesdayRosary.mp3,Sorrowful,2026-03-17 Rosary - Tuesday - The Sorrowful Mysteries (Daily Catholic Prayer),2026-03-17T01:00:00-05:00
3/18/2026,Wednesday,https://archive.org/download/sthelena-daily-rosary/WednesdayRosary.mp3,Glorious,2026-03-18 Rosary - Wednesday - The Glorious Mysteries (Daily Catholic Prayer),2026-03-18T01:00:00-05:00
3/19/2026,Thursday,https://archive.org/download/sthelena-daily-rosary/ThursdayRosary.mp3,Luminous,2026-03-19 Rosary - Thursday - The Luminous Mysteries (Daily Catholic Prayer),2026-03-19T01:00:00-05:00
3/20/2026,Friday,https://archive.org/download/sthelena-daily-rosary/FridayRosary.mp3,Sorrowful,2026-03-20 Rosary - Friday - The Sorrowful Mysteries (Daily Catholic Prayer),2026-03-20T01:00:00-05:00
3/21/2026,Saturday,https://archive.org/download/sthelena-daily-rosary/SaturdayRosary.mp3,Joyful,2026-03-21 Rosary - Saturday - The Joyful Mysteries (Daily Catholic Prayer),2026-03-21T01:00:00-05:00
3/22/2026,Sunday,https://archive.org/download/sthelena-daily-rosary/SundayRosary.mp3,Glorious,2026-03-22 Rosary - Sunday - The Glorious Mysteries (Daily Catholic Prayer),2026-03-22T01:00:00-05:00
3/23/2026,Monday,https://archive.org/download/sthelena-daily-rosary/MondayRosary.mp3,Joyful,2026-03-23 Rosary - Monday - The Joyful Mysteries (Daily Catholic Prayer),2026-03-23T01:00:00-05:00
3/24/2026,Tuesday,https://archive.org/download/sthelena-daily-rosary/TuesdayRosary.mp3,Sorrowful,2026-03-24 Rosary - Tuesday - The Sorrowful Mysteries (Daily Catholic Prayer),2026-03-24T01:00:00-05:00
3/25/2026,Wednesday,https://archive.org/download/sthelena-daily-rosary/WednesdayRosary.mp3,Glorious,2026-03-25 Rosary - Wednesday - The Glorious Mysteries (Daily Catholic Prayer),2026-03-25T01:00:00-05:00
3/26/2026,Thursday,https://archive.org/download/sthelena-daily-rosary/ThursdayRosary.mp3,Luminous,2026-03-26 Rosary - Thursday - The Luminous Mysteries (Daily Catholic Prayer),2026-03-26T01:00:00-05:00
3/27/2026,Friday,https://archive.org/download/sthelena-daily-rosary/FridayRosary.mp3,Sorrowful,2026-03-27 Rosary - Friday - The Sorrowful Mysteries (Daily Catholic Prayer),2026-03-27T01:00:00-05:00
3/28/2026,Saturday,https://archive.org/download/sthelena-daily-rosary/SaturdayRosary.mp3,Joyful,2026-03-28 Rosary - Saturday - The Joyful Mysteries (Daily Catholic Prayer),2026-03-28T01:00:00-05:00
3/29/2026,Sunday,https://archive.org/download/sthelena-daily-rosary/SundayRosary.mp3,Glorious,2026-03-29 Rosary - Sunday - The Glorious Mysteries (Daily Catholic Prayer),2026-03-29T01:00:00-05:00
3/30/2026,Monday,https://archive.org/download/sthelena-daily-rosary/MondayRosary.mp3,Joyful,2026-03-30 Rosary - Monday - The Joyful Mysteries (Daily Catholic Prayer),2026-03-30T01:00:00-05:00
3/31/2026,Tuesday,https://archive.org/download/sthelena-daily-rosary/TuesdayRosary.mp3,Sorrowful,2026-03-31 Rosary - Tuesday - The Sorrowful Mysteries (Daily Catholic Prayer),2026-03-31T01:00:00-05:00
4/1/2026,Wednesday,https://archive.org/download/sthelena-daily-rosary/WednesdayRosary.mp3,Glorious,2026-04-01 Rosary - Wednesday - The Glorious Mysteries (Daily Catholic Prayer),2026-04-01T01:00:00-05:00
4/2/2026,Thursday,https://archive.org/download/sthelena-daily-rosary/ThursdayRosary.mp3,Luminous,2026-04-02 Rosary - Thursday - The Luminous Mysteries (Daily Catholic Prayer),2026-04-02T01:00:00-05:00
4/3/2026,Friday,https://archive.org/download/sthelena-daily-rosary/FridayRosary.mp3,Sorrowful,2026-04-03 Rosary - Friday - The Sorrowful Mysteries (Daily Catholic Prayer),2026-04-03T01:00:00-05:00
4/4/2026,Saturday,https://archive.org/download/sthelena-daily-rosary/SaturdayRosary.mp3,Joyful,2026-04-04 Rosary - Saturday - The Joyful Mysteries (Daily Catholic Prayer),2026-04-04T01:00:00-05:00
4/5/2026,Sunday,https://archive.org/download/sthelena-daily-rosary/SundayRosary.mp3,Glorious,2026-04-05 Rosary - Sunday - The Glorious Mysteries (Daily Catholic Prayer),2026-04-05T01:00:00-05:00
4/6/2026,Monday,https://archive.org/download/sthelena-daily-rosary/MondayRosary.mp3,Joyful,2026-04-06 Rosary - Monday - The Joyful Mysteries (Daily Catholic Prayer),2026-04-06T01:00:00-05:00
4/7/2026,Tuesday,https://archive.org/download/sthelena-daily-rosary/TuesdayRosary.mp3,Sorrowful,2026-04-07 Rosary - Tuesday - The Sorrowful Mysteries (Daily Catholic Prayer),2026-04-07T01:00:00-05:00